{"kind":"tiled-affected-cells","eventUid":"0x552d0b5280b31910b6ff306632e05e9f2c0b4e9176d8ddba77d20a5e22d7a622","affectedCellsRoot":"0x51cd4a4ddc99acbad52b6e5b0003827f9a5b27501f3fc902c8e025a1a92a59ee","sourceSha256":"77515ceb30b5b13f3e86447071a6725e5fda2feb243a72101dcfe543c0870ce9","h3Resolution":7,"cellCount":39221,"bounds":{"north":40.613588,"south":35.152779,"east":145.350259,"west":139.679236},"styleVersion":1,"minRasterZoom":6,"maxRasterZoom":10,"minCellZoom":11,"cellTileZoom":11,"tileSize":256,"rasterTileUrlTemplate":"/demo/tohoku-2011/raster/{z}/{x}/{y}.svg","cellTileUrlTemplate":"/demo/tohoku-2011/cells/{z}/{x}/{y}.json","rasterTileKeys":["6/56/24","6/56/25","6/57/24","6/57/25","7/113/49","7/113/50","7/114/48","7/114/49","7/114/50","7/115/48","7/115/49","7/115/50","8/227/98","8/227/99","8/227/100","8/227/101","8/228/96","8/228/97","8/228/98","8/228/99","8/228/100","8/228/101","8/229/96","8/229/97","8/229/98","8/229/99","8/229/100","8/229/101","8/230/96","8/230/97","8/230/98","8/230/99","8/230/100","8/230/101","8/231/96","8/231/97","8/231/98","9/454/199","9/454/200","9/454/201","9/454/202","9/455/196","9/455/197","9/455/198","9/455/199","9/455/200","9/455/201","9/455/202","9/456/194","9/456/195","9/456/196","9/456/197","9/456/198","9/456/199","9/456/200","9/456/201","9/457/193","9/457/194","9/457/195","9/457/196","9/457/197","9/457/198","9/457/199","9/457/200","9/457/201","9/457/202","9/458/192","9/458/193","9/458/194","9/458/195","9/458/196","9/458/197","9/458/198","9/458/199","9/458/200","9/458/201","9/458/202","9/459/192","9/459/193","9/459/194","9/459/195","9/459/196","9/459/197","9/459/198","9/459/199","9/459/200","9/459/201","9/459/202","9/460/192","9/460/193","9/460/194","9/460/195","9/460/196","9/460/197","9/460/198","9/460/199","9/460/200","9/460/201","9/460/202","9/461/192","9/461/193","9/461/194","9/461/195","9/461/196","9/461/197","9/461/198","9/461/199","9/461/200","9/462/193","9/462/194","9/462/195","9/462/196","10/909/399","10/909/400","10/909/401","10/909/402","10/909/403","10/909/404","10/910/396","10/910/397","10/910/398","10/910/399","10/910/400","10/910/401","10/910/402","10/910/403","10/910/404","10/911/392","10/911/393","10/911/394","10/911/395","10/911/396","10/911/397","10/911/398","10/911/399","10/911/400","10/911/401","10/911/402","10/911/403","10/912/390","10/912/391","10/912/392","10/912/393","10/912/394","10/912/395","10/912/396","10/912/397","10/912/398","10/912/399","10/912/400","10/912/401","10/912/402","10/913/389","10/913/390","10/913/391","10/913/392","10/913/393","10/913/394","10/913/395","10/913/396","10/913/397","10/913/398","10/913/399","10/913/400","10/913/401","10/913/402","10/913/403","10/914/389","10/914/390","10/914/391","10/914/392","10/914/393","10/914/394","10/914/395","10/914/396","10/914/397","10/914/398","10/914/399","10/914/400","10/914/401","10/914/402","10/914/403","10/915/386","10/915/387","10/915/388","10/915/389","10/915/390","10/915/391","10/915/392","10/915/393","10/915/394","10/915/395","10/915/396","10/915/397","10/915/398","10/915/399","10/915/400","10/915/401","10/915/402","10/915/403","10/915/404","10/916/385","10/916/386","10/916/387","10/916/388","10/916/389","10/916/390","10/916/391","10/916/392","10/916/393","10/916/394","10/916/395","10/916/396","10/916/397","10/916/398","10/916/399","10/916/400","10/916/401","10/916/402","10/916/403","10/916/404","10/917/385","10/917/386","10/917/387","10/917/388","10/917/389","10/917/390","10/917/391","10/917/392","10/917/393","10/917/394","10/917/395","10/917/396","10/917/397","10/917/398","10/917/399","10/917/400","10/917/401","10/917/402","10/917/403","10/917/404","10/918/385","10/918/386","10/918/387","10/918/388","10/918/389","10/918/390","10/918/391","10/918/392","10/918/393","10/918/394","10/918/395","10/918/396","10/918/397","10/918/398","10/918/399","10/918/400","10/918/401","10/918/402","10/918/403","10/918/404","10/918/405","10/919/385","10/919/386","10/919/387","10/919/388","10/919/389","10/919/390","10/919/391","10/919/392","10/919/393","10/919/394","10/919/395","10/919/396","10/919/397","10/919/398","10/919/399","10/919/400","10/919/401","10/919/402","10/919/403","10/919/404","10/919/405","10/920/385","10/920/386","10/920/387","10/920/388","10/920/389","10/920/390","10/920/391","10/920/392","10/920/393","10/920/394","10/920/395","10/920/396","10/920/397","10/920/398","10/920/399","10/920/400","10/920/401","10/920/402","10/920/403","10/920/404","10/921/385","10/921/386","10/921/387","10/921/388","10/921/389","10/921/390","10/921/391","10/921/392","10/921/393","10/921/394","10/921/395","10/921/396","10/921/397","10/921/398","10/921/399","10/921/400","10/921/401","10/921/402","10/921/403","10/922/385","10/922/386","10/922/387","10/922/388","10/922/389","10/922/390","10/922/391","10/922/392","10/922/393","10/922/394","10/922/395","10/922/396","10/922/397","10/922/398","10/922/399","10/922/400","10/922/401","10/923/385","10/923/386","10/923/387","10/923/388","10/923/389","10/923/390","10/923/391","10/923/392","10/923/393","10/923/394","10/923/395","10/923/396","10/923/397","10/924/386","10/924/387","10/924/388","10/924/389","10/924/390","10/924/391","10/924/392","10/924/393","10/925/387","10/925/388","10/925/389","10/925/390"],